,Region
CGATCGGTCTACCAGA_1,OLC
GACCAATGTATTACCG_1,OLC
CTCGGGACACGCATCG_1,OLC
CTAACTTCAATCGAAA_1,OLC
GTTCATTTCGTAGGAG_1,OLC
TGAGGGAAGTGCAAGC_1,OLC
CACACCTAGTCTCCTC_1,OLC
AACTGGTCAGCTCGCA_1,OLC
GCACATAAGGCGATAC_1,OLC
AGAGCTTTCCGCATCT_1,OLC
CTTTGCGGTAAGGGCT_1,OLC
GACCAATAGGATGTAT_1,OLC
TCTCATATCATTATCC_1,OLC
GGGAGATTCGCTTAGA_1,OLC
CTGGTCTGTTATGCGT_1,OLC
GGCAATTCATGTAAGA_1,OLC
ACTGATGTCATGTGGT_1,OLC
GTCGGGTTCCGAAGAG_1,OLC
CCGGGATAGAGAGCTC_1,OLC
AAGTCTGCACGAAGCA_1,OLC
CTCGGAGTCACCCTCA_1,OLC
CTGATCCAGATTACCC_1,OLC
TAGTTGGGTGGGTCAA_1,OLC
CGAGCACTCCTAGGGC_1,OLC
AACTCCCTCTGCTGCT_1,OLC
ACATGGTAGTCAATAG_1,OLC
AGTCTTTAGCATGGCA_1,OLC
GCGCAGTAGACTGGGT_1,OLC
TGCACCTTCTGATACG_1,OLC
CATCGGGAGACACGAC_1,OLC
GTCTTCGGTGTGAAAT_1,OLC
TCTTTCCGTCCATGAT_1,OLC
CGTCCATGTGTCTGAT_1,OLC
TGGACGCTCTGCGGCA_1,OLC
GACGGCTGTAAACGCG_1,OLC
CCCTCCTGTTTGACAC_1,OLC
AACTGGTAGAAACGAG_1,OLC
TGACTAGTCTCGCTTG_1,OLC
AGGGTGAAGGAGTAGA_1,OLC
CTAACTTGTACTTCTT_1,OLC
ACGAGCCAGCTAGGCA_1,OLC
TCAGGTAAGAAACCAT_1,OLC
ACTTGTTTCGGAATCT_1,OLC
GACAGAGTCAGAGCTT_1,OLC
ACGCCGATCATGTAGC_1,OLC
ACCTTTACAGCGAACA_1,OLC
TATGCCCTCCCATTTA_1,OLC
AACCGCGGTCATATCG_1,OLC
TGCACCTGTACTTCTT_1,OLC
GAAACTCAGAATTCCC_1,OLC
AACTCCCAGTGGTAGC_1,OLC
CAGCTGGGTCTCCACT_1,OLC
GTATCTTTCGGCATCG_1,OLC
CTCGGAGTCGTTGCCT_1,OLC
GCAGTTAAGCTGCCCA_1,OLC
CCTTCGAGTAGCAAAT_1,OLC
AATCGGTAGACCTAGG_1,OLC
AGATCTGGTAATCACC_1,OLC
ACTGTCCTCGGTTCGG_1,OLC
GGGTTGCTCCTCCTAG_1,OLC
GTTCTCGAGATAGGAG_1,OLC
AAAGCAACACCGGAAA_1,OLC
TACACGAAGATTACCC_1,OLC
CGTAGCGGTTTGGCGC_1,OLC
GACGGCTTCCTGTACC_1,OLC
AGCAGCCTCGAGGTAG_1,OLC
TTAGTTCTCTGTCTAT_1,OLC
CCCATACAGCCACTAT_1,OLC
ACACCGGGTCCGTGAC_1,OLC
CTAGAGTGTTCGCGAC_1,OLC
TAGTTGGAGCTTATCG_1,OLC
TTCTCCTTCACTGGGC_1,OLC
CCCATACGTTTGTTTC_1,OLC
CACATAGAGTTCGATC_1,OLC
TCGTACCGTACTTGAC_1,OLC
TTCTCCTCAGCCTGTG_1,OLC
CAGAATCTCATGCTCC_1,OLC
TAGACCATCACTTCAT_1,OLC
ACCTTTAAGTAGGCCA_1,OLC
CATCAGAGTTCCACAA_1,OLC
TTGGCAAAGGCAAAGA_1,OLC
AGAGCTTTCACCACCT_1,OLC
CTGAAACGTCTCTTAT_1,OLC
TGCGTGGAGTATCTCG_1,OLC
GAATAAGCAAGTAATG_1,OLC
GAACGGAAGGAGTAGA_1,OLC
GGGAATGGTGTTAAGA_1,OLC
CCAGCGAAGTGTGGCA_1,OLC
GCAAACTGTAAGTGTA_1,OLC
AAGGAGCTCGGAGCAA_1,OLC
ATTCTACCACACTGCG_1,OLC
GCTTGAATCACCTCGT_1,OLC
GACCAATCAGCGTTCG_1,OLC
ATCCGAAGTCAATACC_1,OLC
GCCAAATCAGCCAGAA_1,OLC
CTCATTACAGCCTTTC_1,OLC
CTGATAGAGTCACGCC_1,OLC
GTGTGCGCATCACGAT_1,OLC
AAAGTAGTCATAGCAC_1,OLC
CATTCGCTCAGCTCTC_1,OLC
AGTAGTCAGTTCGATC_1,OLC
GGATGTTCATGCGCAC_1,OLC
AACTCTTAGTACACCT_1,OLC
ACGCCGAAGGATTCGG_1,OLC
TGGGAAGCAGTAAGAT_1,OLC
GCACATACAGGCGATA_1,OLC
ACAGCCGAGTCTCCTC_1,OLC
AATCGGTGTTTAAGCC_1,OLC
GTACTCCAGGTTACCT_1,OLC
AACCGCGAGGCTAGCA_1,OLC
ACCGTAATCACTGGGC_1,OLC
ATCTACTTCTTGTATC_1,OLC
GTCAAGTGTAGGCTGA_1,OLC
CATGGCGCATGCCTTC_1,OLC
TGCTGCTGTCGGCATC_1,OLC
AGAATAGTCGAACTGT_1,OLC
GGTGCGTCAATGGAAT_1,OLC
GGGAATGTCAAGATCC_1,OLC
GAAATGAAGAAGGACA_1,OLC
GGGTTGCTCTGTACGA_1,OLC
TTCGAAGGTTAAGTAG_1,OLC
GCTGCAGCACTTCTGC_1,OLC
TTGGCAAAGCCACGTC_1,OLC
GTCAAGTGTTCTGGTA_1,OLC
TGCTACCCAAACCCAT_1,OLC
TCAGGATTCGATAGAA_1,OLC
CGAACATCATATGGTC_1,OLC
GACTGCGTCCCTAACC_1,OLC
GCGCCAACACGGCTAC_1,OLC
ACGCCGAAGCTACCGC_1,OLC
AAGTCTGGTTAAGTAG_1,OLC
CTAGAGTGTCGCATCG_1,OLC
GAGTCCGTCCTAAGTG_1,OLC
CTAATGGCACAGCGTC_1,OLC
GTGGGTCTCCATTCTA_1,OLC
